repo	status	path
platform-vdb	M	cloud_dog_vdb/metadata/schema.py
platform-vdb	A	cloud_dog_vdb/spreadsheet/__init__.py
platform-vdb	A	cloud_dog_vdb/spreadsheet/config.py
platform-vdb	A	cloud_dog_vdb/spreadsheet/coords.py
platform-vdb	A	cloud_dog_vdb/spreadsheet/detect/__init__.py
platform-vdb	A	cloud_dog_vdb/spreadsheet/detect/classify.py
platform-vdb	A	cloud_dog_vdb/spreadsheet/detect/profile.py
platform-vdb	A	cloud_dog_vdb/spreadsheet/detect/regions.py
platform-vdb	A	cloud_dog_vdb/spreadsheet/formats.py
platform-vdb	A	cloud_dog_vdb/spreadsheet/i18n.py
platform-vdb	A	cloud_dog_vdb/spreadsheet/ids.py
platform-vdb	A	cloud_dog_vdb/spreadsheet/manifest.py
platform-vdb	A	cloud_dog_vdb/spreadsheet/model.py
platform-vdb	A	cloud_dog_vdb/spreadsheet/parser/__init__.py
platform-vdb	A	cloud_dog_vdb/spreadsheet/parser/base.py
platform-vdb	A	cloud_dog_vdb/spreadsheet/parser/ods_parser.py
platform-vdb	A	cloud_dog_vdb/spreadsheet/parser/openpyxl_parser.py
platform-vdb	A	cloud_dog_vdb/spreadsheet/pipeline.py
platform-vdb	A	cloud_dog_vdb/spreadsheet/query.py
platform-vdb	A	cloud_dog_vdb/spreadsheet/render/__init__.py
platform-vdb	A	cloud_dog_vdb/spreadsheet/render/renderers.py
platform-vdb	A	cloud_dog_vdb/spreadsheet/retrieval.py
platform-vdb	A	cloud_dog_vdb/spreadsheet/sensitivity.py
platform-vdb	A	cloud_dog_vdb/spreadsheet/testing.py
platform-vdb	M	pyproject.toml
platform-vdb	A	tests/unit/UT4.10_SpreadsheetBackendMatrix/test_ss_backend_matrix.py
platform-vdb	A	tests/unit/UT4.1_SpreadsheetCoords/test_ss_coords.py
platform-vdb	A	tests/unit/UT4.2_SpreadsheetProfile/test_ss_profile.py
platform-vdb	A	tests/unit/UT4.3_SpreadsheetDetect/test_ss_detect.py
platform-vdb	A	tests/unit/UT4.4_SpreadsheetParse/test_ss_parse_ods.py
platform-vdb	A	tests/unit/UT4.4_SpreadsheetParse/test_ss_parse_xlsx.py
platform-vdb	A	tests/unit/UT4.5_SpreadsheetPipeline/test_ss_pipeline.py
platform-vdb	A	tests/unit/UT4.6_SpreadsheetRefresh/test_ss_refresh.py
platform-vdb	A	tests/unit/UT4.7_SpreadsheetRecords/test_ss_records.py
platform-vdb	A	tests/unit/UT4.8_SpreadsheetPhase2/test_ss_formats.py
platform-vdb	A	tests/unit/UT4.8_SpreadsheetPhase2/test_ss_formula.py
platform-vdb	A	tests/unit/UT4.8_SpreadsheetPhase2/test_ss_pivot.py
platform-vdb	A	tests/unit/UT4.8_SpreadsheetPhase2/test_ss_query.py
platform-vdb	A	tests/unit/UT4.9_SpreadsheetPhase3/test_ss_i18n.py
platform-vdb	A	tests/unit/UT4.9_SpreadsheetPhase3/test_ss_retrieval.py
platform-vdb	A	tests/unit/UT4.9_SpreadsheetPhase3/test_ss_row_policy.py
platform-vdb	A	tests/unit/UT4.9_SpreadsheetPhase3/test_ss_sensitivity.py
index-retriever	A	database/migrations/cloud_dog_db/versions/20260604_0002_spreadsheet_control_plane.py
index-retriever	A	src/index_tools/spreadsheet/__init__.py
index-retriever	A	src/index_tools/spreadsheet/config_map.py
index-retriever	A	src/index_tools/spreadsheet/indexer.py
index-retriever	A	src/index_tools/spreadsheet/repository.py
index-retriever	A	src/index_tools/spreadsheet/sql_models.py
index-retriever	M	src/index_tools/tools/service.py
index-retriever	A	tests/unit/UT1_70_Spreadsheet/test_ut1_70_spreadsheet_indexing.py
