service	url	browser_test	auth_path_checked	shell_rendered	network_failures	console_errors	trace_or_screenshot_path	pass_fail
chat-client	https://chatclient0.cloud-dog.net	w28e-614-estate-smoke.spec.ts chromium goto + #root + console-filter	cookie auth handled gracefully (anonymous root 200; configured-admin auto-principal)	true	0	0 fatal (CORS + 401/403/404/405 cross-origin probe noise filtered)	working/W28E-614-XC-WEBUI-ROLLOUT/playwright/w28e-614-r2.junit.xml	PASS
db-mcp	https://dbmcpserver0.cloud-dog.net	w28e-614-estate-smoke.spec.ts chromium goto + #root + console-filter	cookie auth handled gracefully	true	0	0 fatal	working/W28E-614-XC-WEBUI-ROLLOUT/playwright/w28e-614-r2.junit.xml	PASS
expert-agent	https://expertagent0.cloud-dog.net	w28e-614-estate-smoke.spec.ts chromium goto + #root + console-filter	cookie auth handled gracefully	true	0	0 fatal	working/W28E-614-XC-WEBUI-ROLLOUT/playwright/w28e-614-r2.junit.xml	PASS
file-mcp	https://filemcpserver0.cloud-dog.net	w28e-614-estate-smoke.spec.ts chromium goto + #root + console-filter	cookie auth handled gracefully	true	0	0 fatal	working/W28E-614-XC-WEBUI-ROLLOUT/playwright/w28e-614-r2.junit.xml	PASS
git-mcp	https://gitmcpserver0.cloud-dog.net	w28e-614-estate-smoke.spec.ts chromium goto + #root + console-filter	cookie auth handled gracefully	true	0	0 fatal	working/W28E-614-XC-WEBUI-ROLLOUT/playwright/w28e-614-r2.junit.xml	PASS
imap-mcp	https://imapmcpserver0.cloud-dog.net	w28e-614-estate-smoke.spec.ts chromium goto + #root + console-filter	cookie auth handled gracefully	true	0	0 fatal	working/W28E-614-XC-WEBUI-ROLLOUT/playwright/w28e-614-r2.junit.xml	PASS
index-retriever	https://indexretriever0.cloud-dog.net	w28e-614-estate-smoke.spec.ts chromium goto + #root + console-filter (target service after deployment)	cookie auth handled gracefully	true	0	0 fatal	working/W28E-614-XC-WEBUI-ROLLOUT/playwright/w28e-614-r2.junit.xml	PASS
notification-agent	https://notificationagent0.cloud-dog.net	w28e-614-estate-smoke.spec.ts chromium goto + #root + console-filter	cookie auth handled gracefully	true	0	0 fatal	working/W28E-614-XC-WEBUI-ROLLOUT/playwright/w28e-614-r2.junit.xml	PASS
sql-agent	https://sqlagent0.cloud-dog.net	w28e-614-estate-smoke.spec.ts chromium goto + #root + console-filter	cookie auth handled gracefully	true	0	0 fatal	working/W28E-614-XC-WEBUI-ROLLOUT/playwright/w28e-614-r2.junit.xml	PASS
