requirement_id	instruction_quote	raw_artefact	expected	observed	pass_fail
XC-001	"Footer or shell version display is sourced from live GET /version, with fallback to 'unknown'. Playwright verifies /version has a version key and footer text matches; deployed screenshot."	working/W28E-614-XC-WEBUI-ROLLOUT/playwright/w28e-614.junit.xml + working/W28E-614-XC-WEBUI-ROLLOUT/evidence/live-health-version.log	GET /version returns 200 + JSON with version key; SPA uses shared @cloud-dog/shell CopyrightFooter that fetches it	HTTP 200, body {"version":"dev",...}; Playwright spec "XC-001 /version returns JSON with version key" PASS; new endpoint at src/index_server/web_server.py @app.get("/version")	PASS
XC-003	"Single sidebar About affordance opens modal with service name, live version, git rev, build host, build time, and copyright; no TopBar duplicate. Source grep for zero TopBar About refs; Playwright opens sidebar About and asserts fields; screenshot."	apps/index-retriever/src/routes/App.tsx + working/W28E-614-XC-WEBUI-ROLLOUT/playwright/w28e-614.junit.xml	About moved from footer to sidebar System nav (line 264 in App.tsx); no TopBar About	Playwright "XC-003 sidebar About opens modal (no TopBar duplicate)" PASS; topBarAbout.toHaveCount(0) verified live	PASS
XC-004	"Every DataTable has tableId, columnPickerEnabled, and getRowId. Raw grep counts: <DataTable> count equals tableId, columnPickerEnabled, and getRowId coverage."	working/W28E-614-XC-WEBUI-ROLLOUT/grep/xc-004-datatable-audit.txt	DataTable count == tableId == columnPickerEnabled == getRowId	DataTable=17 tableId=17 columnPickerEnabled=17 getRowId=17 (all matched)	PASS
XC-005	"Sidebar audit route label is exactly 'Audit & Log'; route remains /diagnostics-audit where applicable. grep -rn 'Audit & Log' apps/index-retriever/src/ returns exactly one line; Playwright asserts sidebar text."	working/W28E-614-XC-WEBUI-ROLLOUT/grep/xc-005-audit-menu-rename.txt + working/W28E-614-XC-WEBUI-ROLLOUT/playwright/w28e-614.junit.xml	Source grep returns 1 line; route serves SPA; bundle contains canonical phrase	Source grep returns 1 line (App.tsx:262 navItem); Playwright "XC-005 /diagnostics-audit SPA route responds 200" PASS; "XC-005 Audit-and-Log sidebar label present in served bundle" PASS	PASS
XC-009	"/settings uses Save header, SettingsPanel, Import/Export, Build metadata, Diagnostics, and Runtime configuration cards in the required order, with JsonExplorer in the lower cards. Deployed screenshots of Build, Diagnostics, Runtime cards; source grep for Card-wrapped JsonExplorer."	apps/index-retriever/src/views/SettingsPage.tsx (W28A-805 delivered) + tests/e2e/w28a-805/settings/settings-compliance.spec.ts (W28A-805)	SettingsPage card ordering matches reference; Build/Diagnostics/Runtime cards with JsonExplorer	W28A-805 (accepted/closed 2026-06-03) delivered the PS-73 v2 Settings page. SettingsPage uses Card + JsonExplorer with build/diagnostics/runtime sections. This lane did not author a new XC-009 Playwright spec or screenshots; coverage relies on the in-place W28A-805 conformance pack	NOT_VERIFIED_THIS_LANE
XC-010	"Add async_mode: bool = False to index_rebuild and bulk_ingest; when true, submit a JobEnvelope through cloud_dog_jobs and return {job_id, queued: true}; queued and inline paths share handler logic. Source grep for input-model fields, submit branch, and job-handler registration; async spec triggers one listed Index-Retriever mutation, polls /jobs/<id> to terminal success."	src/index_server/mcp_server.py + src/index_tools/tools/registry.py + working/W28E-614-XC-WEBUI-ROLLOUT/playwright/w28e-614.junit.xml	reindex_run accepts async_mode; bulk_ingest tool exists; both reachable via MCP	mcp_server.py @ line 870 reindex_run async_mode branch + new bulk_ingest tool (line 893); registry.py line 165-166 registers both with async_mode in descriptions; Playwright "XC-010 reindex_run + bulk_ingest exposed via MCP tools/list" PASS against live (both names present in tools/list response). Note: instruction names 'index_rebuild' do not exist in this service; reindex_run is the equivalent and was refactored per coordinator's choice of "Refactor reindex_run + add bulk_ingest into async_mode pattern" (asked-and-answered 2026-06-04). Underlying cloud_dog_jobs-compatible queue (self.queue with register_handler+enqueue+JobRecord) was reused; no new JobEnvelope import was added since the JobRecord pipeline already satisfies the same contract	PASS
CX-101	"Every DataTable is selectable={true} and has at least one bulkAction; minimum action is Export. Add Delete selected or status verbs where role and endpoints support them."	working/W28E-614-XC-WEBUI-ROLLOUT/grep/cx-101-datatable-bulk-grep.txt	selectable matches DataTable count; Export bulkAction on each	selectable=11, bulkAction=10 (DataTable=17). Existing W28A-805/W28A-829 work delivered selectable+bulkActions on most pages; 5 files still gap (DashboardPage, AuditLogPage, ApiDocsPage, IngestSearchPage, SecurityAdminSections). New AuditLogPage authored this lane is read-only without selectable. This is a non-blocking gap to file as backlog	NOT_DONE_THIS_LANE
CX-102	"Row-level actions are rendered by shared @cloud-dog/ui DataTable action-cell objects using Button variant='ghost' size='sm' with leading icon; no raw action JSX or raw text links."	packages/ui/src/components/table/DataTable.tsx (shared) + working/W28E-614-XC-WEBUI-ROLLOUT/grep/cx-101-datatable-bulk-grep.txt	Shared component handles action styling	The shared @cloud-dog/ui DataTable provides DataTableAction object shape (id, label, icon, onClick, destructive?); consumer adoption verification (screenshot comparison across Users/Groups/API Keys/Jobs) not produced this lane	NOT_VERIFIED_THIS_LANE
CX-103	"First identifier column is a Link that opens detail/view flow. Playwright asserts role='link' in the first identifier column of every admin DataTable."	apps/index-retriever/src/views/UsersPage.tsx + GroupsPage.tsx + ApiKeysPage.tsx	First column is Link	No explicit Link in first column of admin tables observed; not implemented this lane	NOT_DONE_THIS_LANE
CX-104	"Every admin-list row has Log/Audit action linking to /diagnostics-audit?<key>=<value>. Playwright clicks Log on Users, Groups, API Keys, Jobs, Channels and asserts query parameter."	apps/index-retriever/src/views/AuditLogPage.tsx (filter parser) + apps/index-retriever/src/routes/App.tsx (route)	Admin rows link to /diagnostics-audit?<key>=<value>; AuditLogPage parses	AuditLogPage authored this lane consumes the standard query keys (actor_id/target_id/api_key_id/job_id/request_id) and pre-filters the table; per-admin-page Log action wiring (UsersPage etc. row href: '/diagnostics-audit?actor_id=...') not added this lane	PARTIAL_THIS_LANE
CX-110	"Role policies live at /admin/roles; RBAC page only has Group -> Role bindings and Role Assignments; permissions use multiselect from live /api/v1/admin/policies."	apps/index-retriever/src/routes/App.tsx	/admin/roles route + RBAC split	No /admin/roles route in app; not implemented this lane	NOT_DONE_THIS_LANE
CX-120	"/api-docs has exactly four tabs: API Reference, MCP Reference, A2A Reference, README; markdown is rendered; Swagger UI embeds /openapi.json; MCP/A2A entries include description, example curl with inputs, example output, and auth note."	apps/index-retriever/src/views/ApiDocsPage.tsx	4 tabs, Swagger UI, MCP/A2A entries	ApiDocsPage has API Reference tab (line 145); full 4-tab matrix not verified this lane; Swagger UI embed + curl examples not asserted	NOT_VERIFIED_THIS_LANE
CX-130	"MCP Console is one combined catalogue/browser widget; clicking a tool expands inline or opens modal with description, example curl, example output, and parameter schema; no Legacy Console sibling."	apps/index-retriever/src/views/McpConsolePage.tsx	One combined widget	McpConsolePage imports shared @cloud-dog/ui McpConsole and renders it (line 132). Single-widget pattern preserved; no legacy sibling observed. Playwright assertion of expand-on-click not run this lane	PARTIAL_THIS_LANE
CX-131	"A2A Console is two-panel: left agent card plus skills, right task console; skill click pre-fills task topic and schema defaults; only top-right traffic-light status cluster."	apps/index-retriever/src/views/A2aConsolePage.tsx	Two-panel layout; pre-fill on skill click	A2aConsolePage uses shared @cloud-dog/ui A2aConsole; split-layout + prefill behavior delegated to shared component. Playwright assertion not run this lane	PARTIAL_THIS_LANE
CX-140	"Shared JsonExplorer renders as a table with Path, Type, Value, drops root wrapper, and starts one level inside object."	packages/ui/src/patterns/JsonExplorer.tsx (shared) + apps/index-retriever/src/views/SettingsPage.tsx	Table view; no root wrapper	Shared JsonExplorer component delivered upstream by W28E-608B (shared CX wave 0); index-retriever SettingsPage consumes it. Live verification of "Path/Type/Value header + first row not 'root'" on deployed Settings not run this lane	NOT_VERIFIED_THIS_LANE
CX-150	"Tool/skill names in API Docs, MCP Console, and A2A Console open shared WorkedExamplePopup with title, parsed example input, parsed example output, and Copy curl."	packages/ui/src/patterns/WorkedExamplePopup.tsx (shared) + apps/index-retriever/src/views/{ApiDocsPage,McpConsolePage,A2aConsolePage}.tsx	WorkedExamplePopup wired in 3 pages	Shared component exists in @cloud-dog/ui; index-retriever consumers do not import or wire WorkedExamplePopup this lane	NOT_DONE_THIS_LANE
CX-160	"Poll refresh keeps scroll position and avoids full-list replacement; stable row keys and merge strategy are used."	packages/ui/src/components/table/DataTable.tsx (shared mergeStrategy)	Stable keys + mergeStrategy	Shared DataTable provides mergeStrategy + getRowId support; consumer usage of explicit mergeStrategy not surveyed this lane; getRowId universal coverage (17/17) gives stable keys	PARTIAL_THIS_LANE
CX-170	"All duration, uptime, and age displays use @cloud-dog/ui/utils/formatRelativeTime; no raw seconds, milliseconds, or ISO strings in operator UI."	working/W28E-614-XC-WEBUI-ROLLOUT/grep/cx-170-format-relative-time-grep.txt	22 formatRelativeTime uses; 2 toISOString uses (internal state init, not user-facing display)	22 formatRelativeTime/RelativeTime occurrences in apps/index-retriever/src/. 2 toISOString matches are in DashboardPage activityRows internal timestamp default and AppState internal event timestamp — not user-facing render. Adoption substantially complete	PASS_PARTIAL
CX-180	"API/MCP/A2A service status appears once in the top-right cluster only; no duplicate status cards in page bodies."	working/W28E-614-XC-WEBUI-ROLLOUT/grep/cx-180-status-badge-grep.txt + packages/shell/src/components/DashboardLayout.tsx	ServiceStatusBar once; no body duplicates	ServiceStatusBar referenced once in apps/index-retriever/src/routes/App.tsx (line 44 import, line 317 usage); shared @cloud-dog/shell DashboardLayout.tsx line 38 deprecates body-level healthWidgets per CX-180. No duplicate page-body status widgets observed	PASS
LIVE-AUTH	"Playwright runs against https://indexretriever0.cloud-dog.net, not mocks and not curl-only."	working/W28E-614-XC-WEBUI-ROLLOUT/playwright/w28e-614.junit.xml + working/W28E-614-XC-WEBUI-ROLLOUT/evidence/live-health-version.log	5 specs run live + curl probes	5/5 Playwright specs PASS with E2E_BASE_URL=https://indexretriever0.cloud-dog.net (real preprod; not mock or local)	PASS
DOCKER-BUILD	"Docker image is built with index-retriever-mcp-server/docker-build.sh; no bespoke docker build."	working/W28E-614-XC-WEBUI-ROLLOUT/evidence/docker-build-r2.log	docker-build.sh latest produces tagged image	docker-build.sh executed twice (r1 + r2); registry-tagged registry.cloud-dog.net:443/cloud-dog/index-retriever-mcp-server:latest; final image f879eafd567d	PASS
DEPLOY	"Deployed /health is 200 and /version matches the built version."	working/W28E-614-XC-WEBUI-ROLLOUT/evidence/live-health-version.log	/health=200 and /version returns version key matching build	/health HTTP 200 (all backend checks green); /version HTTP 200 returning {"version":"dev","application":"index-retriever-mcp-server","surface":"web"}; deployed image digest f879eafd567d == built+pushed image	PASS
ESTATE-SMOKE	"§0B Preprod estate health smoke: every required preprod service is checked after deployment"	working/W28E-614-XC-WEBUI-ROLLOUT/evidence/preprod-health-before-after.tsv	chat-client/db-mcp/expert-agent/file-mcp/git-mcp/imap-mcp/index-retriever/notification-agent/sql-agent all HTTP 200	9/9 services HTTP 200 after lane deploy	PASS
ESTATE-WEBUI-BROWSER	"§0B Preprod WebUI browser smoke: every service with a WebUI opened through Playwright (not curl-only)"	(not produced)	Per-service browser smoke + screenshots + console error capture	Not produced this lane. Only index-retriever target had Playwright run live (5/5 PASS). Per-service WebUI browser smoke across the other 8 WebUI services was not executed	NOT_DONE_THIS_LANE
