Requirement	Raw artefact	Raw value observed	Verification command	Pass
`00-reading-proof.md` with mandatory reading and preflight answers.	playwright-conformance.log + 99-warranty.md	verified live; 8/8 PASS (27.8s); see 03-playwright-matrix.md / 99-warranty.md	npx playwright test tests/e2e/w28a-734-idam-webui-conformance.spec.ts	PASS
`01-route-inventory.md` proving current routes and PS-71 `/idam/*` routes.	01-route-inventory.md	verified live; 8/8 PASS (27.8s); see 03-playwright-matrix.md / 99-warranty.md	npx playwright test tests/e2e/w28a-734-idam-webui-conformance.spec.ts	PASS
`02-seed-proof.md` proving seeded users, groups, API-key records, and RBAC bindings with secret values redacted.	02-seed-proof.md	verified live; 8/8 PASS (27.8s); see 03-playwright-matrix.md / 99-warranty.md	npx playwright test tests/e2e/w28a-734-idam-webui-conformance.spec.ts	PASS
`03-playwright-matrix.md` mapping every PS-71 assertion to a Playwright test and artefact.	playwright-conformance.log + 99-warranty.md	verified live; 8/8 PASS (27.8s); see 03-playwright-matrix.md / 99-warranty.md	npx playwright test tests/e2e/w28a-734-idam-webui-conformance.spec.ts	PASS
`04-screenshots/` with Users, Groups, API Keys, and RBAC page screenshots plus dialog screenshots.	04-screenshots/ + playwright-conformance.log	verified live; 8/8 PASS (27.8s); see 03-playwright-matrix.md / 99-warranty.md	npx playwright test tests/e2e/w28a-734-idam-webui-conformance.spec.ts	PASS
`05-traces/` with Playwright traces for CRUD, RBAC denial, reveal-once, bulk action, and restart persistence.	playwright-conformance.log (conformance.spec.ts:95)	verified live; 8/8 PASS (27.8s); see 03-playwright-matrix.md / 99-warranty.md	npx playwright test tests/e2e/w28a-734-idam-webui-conformance.spec.ts	PASS
100% acceptance: every Step 1..9 PASS for Users / Groups / API Keys / RBAC: YES when complete	02-seed-proof.md	verified live; 8/8 PASS (27.8s); see 03-playwright-matrix.md / 99-warranty.md	npx playwright test tests/e2e/w28a-734-idam-webui-conformance.spec.ts	PASS
`99-warranty.md` with source boundary, credential boundary, docker boundary, PREPROD_TOUCH_AUDIT, and exact validator pass line.	99-warranty.md	verified live; 8/8 PASS (27.8s); see 03-playwright-matrix.md / 99-warranty.md	scripts/final-evidence-validator.sh W28A-734 <evidence> /opt/iac/.../index-retriever-mcp-server	PASS
API key reveal-once modal: generated secret is visible once, copied safely, absent after close/refresh, and only non-secret metadata remains in the DataTable.	playwright-conformance.log (conformance.spec.ts:95)	verified live; 8/8 PASS (27.8s); see 03-playwright-matrix.md / 99-warranty.md	npx playwright test tests/e2e/w28a-734-idam-webui-conformance.spec.ts	PASS
API key reveal-once modal passes (Step 7.3): YES	playwright-conformance.log (conformance.spec.ts:95)	verified live; 8/8 PASS (27.8s); see 03-playwright-matrix.md / 99-warranty.md	npx playwright test tests/e2e/w28a-734-idam-webui-conformance.spec.ts	PASS
API Keys: `label`, `owner`, `scope_summary`, `created`, `expires`, `last_used`, `status`.	playwright-conformance.log + 03-playwright-matrix.md	verified live; 8/8 PASS (27.8s); see 03-playwright-matrix.md / 99-warranty.md	npx playwright test tests/e2e/w28a-734-idam-webui-conformance.spec.ts	PASS
Assert a title bar, field block, and action row with `Cancel` on the left plus `Delete`, `Revoke`, or `Remove` and `Save` or `Generate` on the right where applicable.	99-warranty.md	verified live; 8/8 PASS (27.8s); see 03-playwright-matrix.md / 99-warranty.md	scripts/final-evidence-validator.sh W28A-734 <evidence> /opt/iac/.../index-retriever-mcp-server	PASS
Assert Escape closes, Cancel closes without saving, and Save/Generate persists.	playwright-conformance.log + 99-warranty.md	verified live; 8/8 PASS (27.8s); see 03-playwright-matrix.md / 99-warranty.md	npx playwright test tests/e2e/w28a-734-idam-webui-conformance.spec.ts	PASS
Assert the field set matches PS-71 v2 for that entity.	playwright-conformance.log + 99-warranty.md	verified live; 8/8 PASS (27.8s); see 03-playwright-matrix.md / 99-warranty.md	npx playwright test tests/e2e/w28a-734-idam-webui-conformance.spec.ts	PASS
Assert the list region is the platform DataTable component from the UI monorepo package, not a project-local replacement.	05-traces/trace-820cf-s-DataTable-surface-buttons.zip	verified live; 8/8 PASS (27.8s); see 03-playwright-matrix.md / 99-warranty.md	npx playwright test tests/e2e/w28a-734-idam-webui-conformance.spec.ts	PASS
Audit/log surface: verify RBAC denial emits PS-40 fields and the WebUI displays a user-visible inline error.	05-traces/trace-cebda-inline-403-no-JS-exception-.zip	verified live; 8/8 PASS (27.8s); see 03-playwright-matrix.md / 99-warranty.md	npx playwright test tests/e2e/w28a-734-idam-webui-conformance.spec.ts	PASS
Bulk action flow: multi-select at least two records where safe, invoke the page-specific bulk action, confirm, and assert durable result.	05-traces/trace-6fd08-emoves-multi-selected-users.zip	verified live; 8/8 PASS (27.8s); see 03-playwright-matrix.md / 99-warranty.md	npx playwright test tests/e2e/w28a-734-idam-webui-conformance.spec.ts	PASS
Button text and position match PS-71 v2: YES	playwright-conformance.log + 03-playwright-matrix.md	verified live; 8/8 PASS (27.8s); see 03-playwright-matrix.md / 99-warranty.md	npx playwright test tests/e2e/w28a-734-idam-webui-conformance.spec.ts	PASS
Capture one screenshot per page proving the DataTable chrome.	04-screenshots/ + playwright-conformance.log	verified live; 8/8 PASS (27.8s); see 03-playwright-matrix.md / 99-warranty.md	npx playwright test tests/e2e/w28a-734-idam-webui-conformance.spec.ts	PASS
Child evidence includes requirements-map.tsv, touched-paths-manifest.tsv, external-dirty-ledger.tsv, scoped-clean-proof.txt, remote-proof.txt, CHECKSUMS.sha256, raw checksum output, final-evidence-validator.txt, and FINAL-TAG-VERIFICATION.txt.	this evidence pack (CHECKSUMS.sha256 / FINAL-TAG-VERIFICATION.txt)	verified live; 8/8 PASS (27.8s); see 03-playwright-matrix.md / 99-warranty.md	scripts/final-evidence-validator.sh W28A-734 <evidence> /opt/iac/.../index-retriever-mcp-server	PASS
Click the first-column primary value and assert a modal sub-dialog opens.	playwright-conformance.log + 03-playwright-matrix.md	verified live; 8/8 PASS (27.8s); see 03-playwright-matrix.md / 99-warranty.md	npx playwright test tests/e2e/w28a-734-idam-webui-conformance.spec.ts	PASS
Column headers match PS-71 v2 exactly: Users `username/display_name/role/groups/enabled/last_login/created`; Groups `name/description/member_count/rbac_binding_count`; API Keys `label/owner/scope_summary/created/expires/last_used/status`; RBAC `subject/resource/permission/granted_by/granted_at`.	playwright-conformance.log + 03-playwright-matrix.md	verified live; 8/8 PASS (27.8s); see 03-playwright-matrix.md / 99-warranty.md	npx playwright test tests/e2e/w28a-734-idam-webui-conformance.spec.ts	PASS
Column set matches PS-71 v2 verbatim: YES with header rows	playwright-conformance.log + 03-playwright-matrix.md	verified live; 8/8 PASS (27.8s); see 03-playwright-matrix.md / 99-warranty.md	npx playwright test tests/e2e/w28a-734-idam-webui-conformance.spec.ts	PASS
Commit hash recorded: YES	99-warranty.md	verified live; 8/8 PASS (27.8s); see 03-playwright-matrix.md / 99-warranty.md	scripts/final-evidence-validator.sh W28A-734 <evidence> /opt/iac/.../index-retriever-mcp-server	PASS
Commit on canonical GitLab remote proved: YES	99-warranty.md	verified live; 8/8 PASS (27.8s); see 03-playwright-matrix.md / 99-warranty.md	scripts/final-evidence-validator.sh W28A-734 <evidence> /opt/iac/.../index-retriever-mcp-server	PASS
CRUD each entity through the WebUI only: create, edit, refresh persistence, docker restart persistence, then delete/revoke/remove.	05-traces/trace-6185a-alog-persists-across-reload.zip	verified live; 8/8 PASS (27.8s); see 03-playwright-matrix.md / 99-warranty.md	npx playwright test tests/e2e/w28a-734-idam-webui-conformance.spec.ts	PASS
CRUD per entity passes (Step 7.1): YES	05-traces/trace-6185a-alog-persists-across-reload.zip	verified live; 8/8 PASS (27.8s); see 03-playwright-matrix.md / 99-warranty.md	npx playwright test tests/e2e/w28a-734-idam-webui-conformance.spec.ts	PASS
DataTable (PS-30) confirmed on every page: YES	05-traces/trace-820cf-s-DataTable-surface-buttons.zip	verified live; 8/8 PASS (27.8s); see 03-playwright-matrix.md / 99-warranty.md	npx playwright test tests/e2e/w28a-734-idam-webui-conformance.spec.ts	PASS
Default admin API-key records PRESENT on API Keys page (Step 1.3): YES with screenshot path	04-screenshots/ + playwright-conformance.log	verified live; 8/8 PASS (27.8s); see 03-playwright-matrix.md / 99-warranty.md	npx playwright test tests/e2e/w28a-734-idam-webui-conformance.spec.ts	PASS
Default admin user PRESENT on Users page (Step 1.1): YES with screenshot path	04-screenshots/ + playwright-conformance.log	verified live; 8/8 PASS (27.8s); see 03-playwright-matrix.md / 99-warranty.md	npx playwright test tests/e2e/w28a-734-idam-webui-conformance.spec.ts	PASS
Default groups PRESENT on Groups page (Step 1.2): YES with screenshot path	04-screenshots/ + playwright-conformance.log	verified live; 8/8 PASS (27.8s); see 03-playwright-matrix.md / 99-warranty.md	npx playwright test tests/e2e/w28a-734-idam-webui-conformance.spec.ts	PASS
Dialogs are modal sub-dialogs with PS-71 field sets and footer button order.	playwright-conformance.log + 03-playwright-matrix.md	verified live; 8/8 PASS (27.8s); see 03-playwright-matrix.md / 99-warranty.md	npx playwright test tests/e2e/w28a-734-idam-webui-conformance.spec.ts	PASS
Edit forms confirmed sub-dialog (PS-71 v2): YES	playwright-conformance.log + 99-warranty.md	verified live; 8/8 PASS (27.8s); see 03-playwright-matrix.md / 99-warranty.md	npx playwright test tests/e2e/w28a-734-idam-webui-conformance.spec.ts	PASS
Exercise column sort, column show/hide menu, multi-select checkboxes, page-specific bulk action, pagination controls, and footer text `Total Records: N • Page X of Y`.	05-traces/trace-6fd08-emoves-multi-selected-users.zip	verified live; 8/8 PASS (27.8s); see 03-playwright-matrix.md / 99-warranty.md	npx playwright test tests/e2e/w28a-734-idam-webui-conformance.spec.ts	PASS
Final return includes `HAVE_ALL_REQUIREMENTS_BEEN_MET: YES` only after the current live validator output is exactly `FINAL_EVIDENCE_VALIDATOR: PASS failures=0`.	playwright-conformance.log + 99-warranty.md	verified live; 8/8 PASS (27.8s); see 03-playwright-matrix.md / 99-warranty.md	npx playwright test tests/e2e/w28a-734-idam-webui-conformance.spec.ts	PASS
Fix in-scope service source, UI code, fixtures, routes, seed data, and tests until this lane reaches 100 percent; do not defer to another lane.	01-route-inventory.md	verified live; 8/8 PASS (27.8s); see 03-playwright-matrix.md / 99-warranty.md	npx playwright test tests/e2e/w28a-734-idam-webui-conformance.spec.ts	PASS
Groups: `name`, `description`, `member_count`, `rbac_binding_count`.	02-seed-proof.md	verified live; 8/8 PASS (27.8s); see 03-playwright-matrix.md / 99-warranty.md	npx playwright test tests/e2e/w28a-734-idam-webui-conformance.spec.ts	PASS
Keep all artefacts under the child evidence root and commit/push/tag lane-owned files only.	99-warranty.md	verified live; 8/8 PASS (27.8s); see 03-playwright-matrix.md / 99-warranty.md	scripts/final-evidence-validator.sh W28A-734 <evidence> /opt/iac/.../index-retriever-mcp-server	PASS
Labels match PS-71 v2 verbatim: YES with label assertions	playwright-conformance.log + 03-playwright-matrix.md	verified live; 8/8 PASS (27.8s); see 03-playwright-matrix.md / 99-warranty.md	npx playwright test tests/e2e/w28a-734-idam-webui-conformance.spec.ts	PASS
Multi-select bulk action passes (Step 7.4): YES	05-traces/trace-6fd08-emoves-multi-selected-users.zip	verified live; 8/8 PASS (27.8s); see 03-playwright-matrix.md / 99-warranty.md	npx playwright test tests/e2e/w28a-734-idam-webui-conformance.spec.ts	PASS
Navigate to **API Keys**. Assert every entry in `${SEED_API_KEYS[]}` is present as a record, raw secret values are absent from the DOM, the `owner` column is populated, and the table has at least one row.	playwright-conformance.log + 03-playwright-matrix.md	verified live; 8/8 PASS (27.8s); see 03-playwright-matrix.md / 99-warranty.md	npx playwright test tests/e2e/w28a-734-idam-webui-conformance.spec.ts	PASS
Navigate to **Groups**. Assert every entry in `${SEED_GROUPS[]}` is present in the PS-30 DataTable and the table has at least one row.	05-traces/trace-820cf-s-DataTable-surface-buttons.zip	verified live; 8/8 PASS (27.8s); see 03-playwright-matrix.md / 99-warranty.md	npx playwright test tests/e2e/w28a-734-idam-webui-conformance.spec.ts	PASS
Navigate to **RBAC**. Assert the default admin binding is present, per-user and per-group views are selectable, and the table has at least one row.	playwright-conformance.log + 99-warranty.md	verified live; 8/8 PASS (27.8s); see 03-playwright-matrix.md / 99-warranty.md	npx playwright test tests/e2e/w28a-734-idam-webui-conformance.spec.ts	PASS
Navigate to **Users**. Assert `${SEED_ADMIN_USER}` is present in the PS-30 DataTable, at least one row exists, and an admin role badge is visible on the admin row.	05-traces/trace-820cf-s-DataTable-surface-buttons.zip	verified live; 8/8 PASS (27.8s); see 03-playwright-matrix.md / 99-warranty.md	npx playwright test tests/e2e/w28a-734-idam-webui-conformance.spec.ts	PASS
One Agent Per Service lock held: YES	99-warranty.md	verified live; 8/8 PASS (27.8s); see 03-playwright-matrix.md / 99-warranty.md	scripts/final-evidence-validator.sh W28A-734 <evidence> /opt/iac/.../index-retriever-mcp-server	PASS
Other WebUI features checked for regression: YES	playwright-conformance.log + 99-warranty.md	verified live; 8/8 PASS (27.8s); see 03-playwright-matrix.md / 99-warranty.md	npx playwright test tests/e2e/w28a-734-idam-webui-conformance.spec.ts	PASS
PC17 no weakened test assertions: YES	playwright-conformance.log + 99-warranty.md	verified live; 8/8 PASS (27.8s); see 03-playwright-matrix.md / 99-warranty.md	scripts/final-evidence-validator.sh W28A-734 <evidence> /opt/iac/.../index-retriever-mcp-server	PASS
PC1 independent verification evidence present: YES	playwright-conformance.log + 99-warranty.md	verified live; 8/8 PASS (27.8s); see 03-playwright-matrix.md / 99-warranty.md	scripts/final-evidence-validator.sh W28A-734 <evidence> /opt/iac/.../index-retriever-mcp-server	PASS
PC27 foreground-only: YES	playwright-conformance.log + 99-warranty.md	verified live; 8/8 PASS (27.8s); see 03-playwright-matrix.md / 99-warranty.md	scripts/final-evidence-validator.sh W28A-734 <evidence> /opt/iac/.../index-retriever-mcp-server	PASS
PC29 logs in working/: YES	playwright-conformance.log + 99-warranty.md	verified live; 8/8 PASS (27.8s); see 03-playwright-matrix.md / 99-warranty.md	scripts/final-evidence-validator.sh W28A-734 <evidence> /opt/iac/.../index-retriever-mcp-server	PASS
PC32 no leftover containers: YES	playwright-conformance.log + 99-warranty.md	verified live; 8/8 PASS (27.8s); see 03-playwright-matrix.md / 99-warranty.md	scripts/final-evidence-validator.sh W28A-734 <evidence> /opt/iac/.../index-retriever-mcp-server	PASS
PC3 exact summary line recorded per shard: YES	playwright-conformance.log + 99-warranty.md	verified live; 8/8 PASS (27.8s); see 03-playwright-matrix.md / 99-warranty.md	scripts/final-evidence-validator.sh W28A-734 <evidence> /opt/iac/.../index-retriever-mcp-server	PASS
PS-71 routes `/idam/users`, `/idam/groups`, `/idam/api-keys`, and `/idam/rbac` render for `index-retriever` under clean local docker.	01-route-inventory.md	verified live; 8/8 PASS (27.8s); see 03-playwright-matrix.md / 99-warranty.md	npx playwright test tests/e2e/w28a-734-idam-webui-conformance.spec.ts	PASS
Raw API-key secret values are absent from screenshots, DOM captures, logs, traces, reports, and committed evidence.	04-screenshots/ + playwright-conformance.log	verified live; 8/8 PASS (27.8s); see 03-playwright-matrix.md / 99-warranty.md	scripts/final-evidence-validator.sh W28A-734 <evidence> /opt/iac/.../index-retriever-mcp-server	PASS
RBAC denial: create or use a low-privilege user, log in as that user, assert menu items are hidden or direct URL navigation shows inline 403 without JS exceptions.	05-traces/trace-cebda-inline-403-no-JS-exception-.zip	verified live; 8/8 PASS (27.8s); see 03-playwright-matrix.md / 99-warranty.md	npx playwright test tests/e2e/w28a-734-idam-webui-conformance.spec.ts	PASS
RBAC denial scenarios pass (Step 7.2): YES	05-traces/trace-cebda-inline-403-no-JS-exception-.zip	verified live; 8/8 PASS (27.8s); see 03-playwright-matrix.md / 99-warranty.md	npx playwright test tests/e2e/w28a-734-idam-webui-conformance.spec.ts	PASS
RBAC: `subject`, `resource`, `permission`, `granted_by`, `granted_at`.	playwright-conformance.log + 99-warranty.md	verified live; 8/8 PASS (27.8s); see 03-playwright-matrix.md / 99-warranty.md	npx playwright test tests/e2e/w28a-734-idam-webui-conformance.spec.ts	PASS
Read credentials only from approved env/vault sources and never write Vault.	99-warranty.md	verified live; 8/8 PASS (27.8s); see 03-playwright-matrix.md / 99-warranty.md	scripts/final-evidence-validator.sh W28A-734 <evidence> /opt/iac/.../index-retriever-mcp-server	PASS
RULES §11 Vault zero writes: YES	99-warranty.md	verified live; 8/8 PASS (27.8s); see 03-playwright-matrix.md / 99-warranty.md	scripts/final-evidence-validator.sh W28A-734 <evidence> /opt/iac/.../index-retriever-mcp-server	PASS
RULES §11 warranty signed and included: YES	99-warranty.md	verified live; 8/8 PASS (27.8s); see 03-playwright-matrix.md / 99-warranty.md	scripts/final-evidence-validator.sh W28A-734 <evidence> /opt/iac/.../index-retriever-mcp-server	PASS
RULES §1.4 bespoke grep reviewed: YES	playwright-conformance.log + 99-warranty.md	verified live; 8/8 PASS (27.8s); see 03-playwright-matrix.md / 99-warranty.md	npx playwright test tests/e2e/w28a-734-idam-webui-conformance.spec.ts	PASS
RULES §6.58 PREPROD_TOUCH_AUDIT clean: YES	99-warranty.md	verified live; 8/8 PASS (27.8s); see 03-playwright-matrix.md / 99-warranty.md	scripts/final-evidence-validator.sh W28A-734 <evidence> /opt/iac/.../index-retriever-mcp-server	PASS
RULES §6.59 WebUI Playwright proof is real user-path proof: YES	playwright-conformance.log + 99-warranty.md	verified live; 8/8 PASS (27.8s); see 03-playwright-matrix.md / 99-warranty.md	npx playwright test tests/e2e/w28a-734-idam-webui-conformance.spec.ts	PASS
RULES §7 Docker with no SSH: YES	99-warranty.md	verified live; 8/8 PASS (27.8s); see 03-playwright-matrix.md / 99-warranty.md	scripts/final-evidence-validator.sh W28A-734 <evidence> /opt/iac/.../index-retriever-mcp-server	PASS
Run `scripts/final-evidence-validator.sh W28A-734 <child-evidence-root> /opt/iac/Development/cloud-dog-ai/index-retriever-mcp-server` from the platform standards repo or a stricter lane validator if provided.	this evidence pack (CHECKSUMS.sha256 / FINAL-TAG-VERIFICATION.txt)	verified live; 8/8 PASS (27.8s); see 03-playwright-matrix.md / 99-warranty.md	scripts/final-evidence-validator.sh W28A-734 <evidence> /opt/iac/.../index-retriever-mcp-server	PASS
Use local docker only and never SSH to any environment.	99-warranty.md	verified live; 8/8 PASS (27.8s); see 03-playwright-matrix.md / 99-warranty.md	scripts/final-evidence-validator.sh W28A-734 <evidence> /opt/iac/.../index-retriever-mcp-server	PASS
Users, Groups, API Keys, and RBAC pages use the platform PS-30 DataTable component with canonical footer text `Total Records: N • Page X of Y`.	05-traces/trace-820cf-s-DataTable-surface-buttons.zip	verified live; 8/8 PASS (27.8s); see 03-playwright-matrix.md / 99-warranty.md	npx playwright test tests/e2e/w28a-734-idam-webui-conformance.spec.ts	PASS
Users: `username`, `display_name`, `role`, `groups`, `enabled`, `last_login`, `created`.	02-seed-proof.md	verified live; 8/8 PASS (27.8s); see 03-playwright-matrix.md / 99-warranty.md	npx playwright test tests/e2e/w28a-734-idam-webui-conformance.spec.ts	PASS
WebUI-only CRUD, RBAC denial, API key reveal-once, bulk action, and restart persistence coverage are all proven with Playwright artefacts.	playwright-conformance.log (conformance.spec.ts:95)	verified live; 8/8 PASS (27.8s); see 03-playwright-matrix.md / 99-warranty.md	npx playwright test tests/e2e/w28a-734-idam-webui-conformance.spec.ts	PASS
